image_name,true_label,predicted_label
ISIC_0033152.jpg,4,5
ISIC_0025611.jpg,4,4
ISIC_0033239.jpg,4,4
ISIC_0032987.jpg,4,4
ISIC_0024554.jpg,4,1
ISIC_0026996.jpg,4,4
ISIC_0031779.jpg,4,2
ISIC_0031208.jpg,4,4
ISIC_0024853.jpg,4,4
ISIC_0026745.jpg,4,4
ISIC_0034140.jpg,4,4
ISIC_0030150.jpg,4,4
ISIC_0033717.jpg,4,4
ISIC_0024792.jpg,4,4
ISIC_0033217.jpg,4,4
ISIC_0031239.jpg,4,4
ISIC_0033872.jpg,4,4
ISIC_0026954.jpg,4,0
ISIC_0032248.jpg,4,1
ISIC_0033206.jpg,4,4
ISIC_0025219.jpg,4,4
ISIC_0032806.jpg,4,2
ISIC_0034170.jpg,4,2
ISIC_0026045.jpg,4,2
ISIC_0025531.jpg,4,2
ISIC_0033779.jpg,4,4
ISIC_0030129.jpg,4,5
ISIC_0033843.jpg,4,4
ISIC_0033122.jpg,4,4
ISIC_0033004.jpg,4,4
ISIC_0032726.jpg,4,4
ISIC_0029698.jpg,4,1
ISIC_0030333.jpg,4,4
ISIC_0034313.jpg,4,4
ISIC_0024756.jpg,4,4
ISIC_0030951.jpg,4,2
ISIC_0024886.jpg,4,2
ISIC_0033261.jpg,4,4
ISIC_0032766.jpg,4,4
ISIC_0032586.jpg,4,4
ISIC_0032981.jpg,4,2
ISIC_0028412.jpg,4,4
ISIC_0024400.jpg,4,2
ISIC_0034022.jpg,4,4
ISIC_0024323.jpg,4,4
ISIC_0029397.jpg,4,5
ISIC_0034092.jpg,4,4
ISIC_0028746.jpg,4,4
ISIC_0033204.jpg,4,4
ISIC_0029157.jpg,4,4
ISIC_0029272.jpg,4,4
ISIC_0027480.jpg,4,4
ISIC_0029216.jpg,4,5
ISIC_0024546.jpg,4,2
ISIC_0025783.jpg,4,5
ISIC_0034262.jpg,4,4
ISIC_0028109.jpg,4,4
ISIC_0024367.jpg,4,4
ISIC_0033947.jpg,4,4
ISIC_0032918.jpg,4,2
ISIC_0032875.jpg,4,4
ISIC_0026870.jpg,4,4
ISIC_0032988.jpg,4,4
ISIC_0034005.jpg,4,1
ISIC_0031977.jpg,4,4
ISIC_0026853.jpg,4,2
ISIC_0028352.jpg,4,4
ISIC_0026963.jpg,4,2
ISIC_0034208.jpg,4,4
ISIC_0032887.jpg,4,4
ISIC_0029316.jpg,4,4
ISIC_0033368.jpg,4,4
ISIC_0033911.jpg,4,4
ISIC_0032968.jpg,4,2
ISIC_0033518.jpg,4,4
ISIC_0027190.jpg,4,4
ISIC_0033636.jpg,4,4
ISIC_0030843.jpg,4,5
ISIC_0033595.jpg,4,1
ISIC_0033272.jpg,4,0
ISIC_0033902.jpg,4,4
ISIC_0032917.jpg,4,4
ISIC_0026150.jpg,4,2
ISIC_0025317.jpg,4,4
ISIC_0033476.jpg,4,4
ISIC_0032687.jpg,4,4
ISIC_0029913.jpg,4,5
ISIC_0034106.jpg,4,4
ISIC_0030211.jpg,4,4
ISIC_0030759.jpg,4,2
ISIC_0032308.jpg,4,4
ISIC_0032970.jpg,4,4
ISIC_0024940.jpg,4,5
ISIC_0033644.jpg,4,4
ISIC_0032552.jpg,4,4
ISIC_0032149.jpg,4,2
ISIC_0025904.jpg,4,4
ISIC_0033393.jpg,4,4
ISIC_0029630.jpg,4,4
ISIC_0025835.jpg,4,4
ISIC_0034294.jpg,4,4
ISIC_0025472.jpg,4,4
ISIC_0031784.jpg,4,4
ISIC_0025732.jpg,4,4
ISIC_0025248.jpg,4,4
ISIC_0027179.jpg,4,2
ISIC_0028086.jpg,4,4
ISIC_0033957.jpg,4,4
ISIC_0033017.jpg,4,4
ISIC_0025996.jpg,4,4
ISIC_0024823.jpg,4,4
ISIC_0033029.jpg,4,2
ISIC_0034243.jpg,4,4
ISIC_0026438.jpg,4,4
ISIC_0031670.jpg,4,4
ISIC_0034256.jpg,4,4
ISIC_0033226.jpg,4,4
ISIC_0030501.jpg,4,1
ISIC_0034049.jpg,4,4
ISIC_0032258.jpg,4,6
ISIC_0024552.jpg,4,4
ISIC_0032450.jpg,4,4
ISIC_0029652.jpg,4,4
ISIC_0030486.jpg,4,0
ISIC_0030107.jpg,4,4
ISIC_0026188.jpg,4,4
ISIC_0027832.jpg,4,2
ISIC_0032938.jpg,4,4
ISIC_0030089.jpg,4,1
ISIC_0026697.jpg,4,4
ISIC_0025766.jpg,4,4
ISIC_0027552.jpg,4,6
ISIC_0034233.jpg,4,4
ISIC_0030281.jpg,4,5
ISIC_0033893.jpg,4,4
ISIC_0033806.jpg,4,4
ISIC_0032207.jpg,4,4
ISIC_0028489.jpg,4,4
ISIC_0029017.jpg,4,4
ISIC_0033831.jpg,4,4
ISIC_0025451.jpg,4,4
ISIC_0029651.jpg,4,4
ISIC_0034051.jpg,4,4
ISIC_0033275.jpg,4,4
ISIC_0033594.jpg,4,2
ISIC_0030034.jpg,4,5
ISIC_0025546.jpg,4,4
ISIC_0030134.jpg,4,4
ISIC_0029353.jpg,4,1
ISIC_0032095.jpg,4,4
ISIC_0033813.jpg,4,4
ISIC_0025589.jpg,4,4
ISIC_0033586.jpg,4,2
ISIC_0024932.jpg,4,4
ISIC_0027126.jpg,4,4
ISIC_0030653.jpg,4,4
ISIC_0031999.jpg,4,1
ISIC_0028764.jpg,4,4
ISIC_0031146.jpg,4,5
ISIC_0033573.jpg,4,4
ISIC_0026266.jpg,4,4
ISIC_0030110.jpg,4,4
ISIC_0033099.jpg,4,5
ISIC_0034036.jpg,4,4
ISIC_0028584.jpg,4,4
ISIC_0033258.jpg,4,4
ISIC_0032182.jpg,4,5
ISIC_0032192.jpg,4,1
ISIC_0033432.jpg,4,4
ISIC_0030119.jpg,4,2
ISIC_0033192.jpg,4,4
ISIC_0029000.jpg,4,4
ISIC_0033312.jpg,4,4
ISIC_0025363.jpg,4,2
ISIC_0031741.jpg,4,4
ISIC_0026489.jpg,4,4
ISIC_0030192.jpg,4,5
ISIC_0032845.jpg,4,4
ISIC_0024410.jpg,4,4
ISIC_0032517.jpg,4,4
ISIC_0028029.jpg,4,4
ISIC_0025121.jpg,4,5
ISIC_0032872.jpg,4,4
ISIC_0032624.jpg,4,4
ISIC_0032389.jpg,4,2
ISIC_0025439.jpg,4,4
ISIC_0026158.jpg,4,4
ISIC_0034202.jpg,4,4
ISIC_0032913.jpg,4,4
ISIC_0028285.jpg,4,2
ISIC_0028219.jpg,4,2
ISIC_0031186.jpg,4,0
ISIC_0033968.jpg,4,2
ISIC_0034246.jpg,4,6
ISIC_0033081.jpg,4,2
ISIC_0027130.jpg,4,1
ISIC_0027359.jpg,4,4
ISIC_0032833.jpg,4,4
ISIC_0025409.jpg,4,2
ISIC_0028460.jpg,4,4
ISIC_0029453.jpg,4,5
ISIC_0026500.jpg,4,5
ISIC_0033114.jpg,4,4
ISIC_0027282.jpg,4,4
ISIC_0026120.jpg,4,4
ISIC_0026089.jpg,4,4
ISIC_0027442.jpg,4,4
ISIC_0032656.jpg,4,6
ISIC_0029513.jpg,4,4
ISIC_0034028.jpg,4,4
ISIC_0029163.jpg,4,2
ISIC_0033245.jpg,4,4
ISIC_0030277.jpg,4,4
ISIC_0031915.jpg,4,2
ISIC_0030824.jpg,4,4
ISIC_0030552.jpg,4,5
ISIC_0024571.jpg,4,0
ISIC_0029033.jpg,4,4
ISIC_0026823.jpg,4,0
ISIC_0027033.jpg,4,2
ISIC_0034076.jpg,4,4
ISIC_0029889.jpg,6,6
ISIC_0061674.jpg,6,6
ISIC_0024370.jpg,6,6
ISIC_0066097.jpg,6,0
ISIC_0067029.jpg,6,0
ISIC_0054131.jpg,6,6
ISIC_0033565.jpg,6,6
ISIC_0025924.jpg,6,6
ISIC_0031217.jpg,6,6
ISIC_0063701.jpg,6,6
ISIC_0027269.jpg,6,6
ISIC_0072964.jpg,6,6
ISIC_0028885.jpg,6,6
ISIC_0026393.jpg,6,6
ISIC_0027563.jpg,6,6
ISIC_0033349.jpg,6,6
ISIC_0032538.jpg,6,6
ISIC_0059442.jpg,6,6
ISIC_0072430.jpg,6,6
ISIC_0031270.jpg,6,6
ISIC_0033749.jpg,6,6
ISIC_0053862.jpg,6,5
ISIC_0057994.jpg,6,6
ISIC_0054546.jpg,6,6
ISIC_0029448.jpg,6,4
ISIC_0027856.jpg,6,6
ISIC_0059744.jpg,6,6
ISIC_0033762.jpg,6,6
ISIC_0073012.jpg,6,5
ISIC_0024375.jpg,6,6
ISIC_0026876.jpg,6,6
ISIC_0032614.jpg,6,6
ISIC_0071912.jpg,6,6
ISIC_0062584.jpg,6,6
ISIC_0026349.jpg,6,6
ISIC_0064078.jpg,6,6
ISIC_0025680.jpg,6,6
ISIC_0031346.jpg,6,5
ISIC_0033817.jpg,6,6
ISIC_0054952.jpg,6,6
ISIC_0066645.jpg,6,6
ISIC_0032076.jpg,6,6
ISIC_0056928.jpg,6,6
ISIC_0024867.jpg,6,6
ISIC_0066692.jpg,6,6
ISIC_0027210.jpg,6,6
ISIC_0027159.jpg,6,2
ISIC_0058302.jpg,6,6
ISIC_0032867.jpg,6,1
ISIC_0032932.jpg,6,6
ISIC_0030070.jpg,6,4
ISIC_0070680.jpg,3,0
ISIC_0068991.jpg,3,3
ISIC_0025954.jpg,3,4
ISIC_0063605.jpg,3,6
ISIC_0031457.jpg,3,1
ISIC_0060024.jpg,3,1
ISIC_0033810.jpg,3,2
ISIC_0028790.jpg,3,0
ISIC_0068848.jpg,3,3
ISIC_0066028.jpg,3,3
ISIC_0027745.jpg,3,3
ISIC_0060422.jpg,3,0
ISIC_0054823.jpg,3,3
ISIC_0029824.jpg,3,4
ISIC_0053697.jpg,3,3
ISIC_0032114.jpg,3,0
ISIC_0057236.jpg,3,0
ISIC_0066413.jpg,3,3
ISIC_0030757.jpg,3,3
ISIC_0061493.jpg,3,0
ISIC_0073189.jpg,3,3
ISIC_0071233.jpg,3,0
ISIC_0026417.jpg,3,1
ISIC_0030870.jpg,3,3
ISIC_0060615.jpg,3,5
ISIC_0032410.jpg,3,2
ISIC_0029039.jpg,3,1
ISIC_0025980.jpg,3,5
ISIC_0065534.jpg,3,3
ISIC_0024973.jpg,3,4
ISIC_0027626.jpg,3,0
ISIC_0057868.jpg,3,5
ISIC_0027008.jpg,3,1
ISIC_0024553.jpg,3,3
ISIC_0059265.jpg,3,0
ISIC_0025771.jpg,3,3
ISIC_0031257.jpg,3,2
ISIC_0030244.jpg,3,1
ISIC_0027118.jpg,3,3
ISIC_0054247.jpg,3,3
ISIC_0067589.jpg,3,0
ISIC_0068613.jpg,3,0
ISIC_0063944.jpg,3,3
ISIC_0033891.jpg,3,3
ISIC_0028880.jpg,3,1
ISIC_0032613.jpg,3,4
ISIC_0073141.jpg,3,6
ISIC_0028933.jpg,5,5
ISIC_0033697.jpg,5,4
ISIC_0031213.jpg,5,5
ISIC_0033841.jpg,5,5
ISIC_0024872.jpg,5,5
ISIC_0025729.jpg,5,5
ISIC_0031252.jpg,5,5
ISIC_0033903.jpg,5,4
ISIC_0027164.jpg,5,5
ISIC_0027228.jpg,5,5
ISIC_0030506.jpg,5,5
ISIC_0033974.jpg,5,5
ISIC_0025844.jpg,5,5
ISIC_0025037.jpg,5,5
ISIC_0025595.jpg,5,5
ISIC_0025702.jpg,5,1
ISIC_0029690.jpg,5,5
ISIC_0034044.jpg,5,4
ISIC_0028507.jpg,5,4
ISIC_0026682.jpg,5,3
ISIC_0033375.jpg,5,5
ISIC_0032589.jpg,5,4
ISIC_0031466.jpg,5,5
ISIC_0024841.jpg,5,4
ISIC_0025087.jpg,5,5
ISIC_0032293.jpg,5,5
ISIC_0027066.jpg,5,4
ISIC_0027468.jpg,5,2
ISIC_0030020.jpg,5,5
ISIC_0032086.jpg,5,1
ISIC_0029313.jpg,5,5
ISIC_0030678.jpg,5,3
ISIC_0025706.jpg,5,5
ISIC_0027349.jpg,5,5
ISIC_0027331.jpg,5,5
ISIC_0029432.jpg,5,1
ISIC_0034112.jpg,5,4
ISIC_0031497.jpg,5,5
ISIC_0031797.jpg,5,5
ISIC_0029114.jpg,5,5
ISIC_0033442.jpg,5,4
ISIC_0028823.jpg,5,5
ISIC_0029064.jpg,5,5
ISIC_0028557.jpg,5,1
ISIC_0028300.jpg,5,5
ISIC_0025010.jpg,5,5
ISIC_0024406.jpg,5,5
ISIC_0029049.jpg,5,5
ISIC_0027005.jpg,5,2
ISIC_0033177.jpg,5,5
ISIC_0033231.jpg,5,4
ISIC_0028649.jpg,5,5
ISIC_0028204.jpg,5,5
ISIC_0025733.jpg,5,5
ISIC_0031780.jpg,5,5
ISIC_0032668.jpg,5,2
ISIC_0034271.jpg,5,5
ISIC_0028679.jpg,5,5
ISIC_0028526.jpg,5,5
ISIC_0029072.jpg,5,5
ISIC_0027054.jpg,5,5
ISIC_0032083.jpg,5,5
ISIC_0028530.jpg,5,5
ISIC_0031559.jpg,5,5
ISIC_0033100.jpg,5,4
ISIC_0029587.jpg,5,5
ISIC_0025626.jpg,5,5
ISIC_0025295.jpg,5,2
ISIC_0026434.jpg,5,5
ISIC_0027106.jpg,5,5
ISIC_0026613.jpg,5,5
ISIC_0025633.jpg,5,0
ISIC_0028676.jpg,5,5
ISIC_0032992.jpg,5,5
ISIC_0030038.jpg,5,1
ISIC_0032278.jpg,5,4
ISIC_0032647.jpg,5,5
ISIC_0033071.jpg,5,6
ISIC_0027676.jpg,5,5
ISIC_0027020.jpg,5,4
ISIC_0027928.jpg,5,5
ISIC_0032163.jpg,5,4
ISIC_0032720.jpg,5,5
ISIC_0027133.jpg,5,5
ISIC_0026437.jpg,5,1
ISIC_0027868.jpg,5,5
ISIC_0028694.jpg,5,3
ISIC_0030880.jpg,5,5
ISIC_0028194.jpg,5,1
ISIC_0032962.jpg,5,2
ISIC_0025342.jpg,5,5
ISIC_0033793.jpg,5,5
ISIC_0028433.jpg,5,5
ISIC_0029156.jpg,5,5
ISIC_0032935.jpg,5,4
ISIC_0032881.jpg,5,5
ISIC_0024451.jpg,5,5
ISIC_0025242.jpg,5,5
ISIC_0028154.jpg,5,1
ISIC_0025559.jpg,5,5
ISIC_0031293.jpg,5,5
ISIC_0026326.jpg,5,1
ISIC_0032627.jpg,5,4
ISIC_0032608.jpg,5,2
ISIC_0025913.jpg,5,5
ISIC_0027109.jpg,5,0
ISIC_0029815.jpg,5,5
ISIC_0028289.jpg,5,5
ISIC_0025149.jpg,5,5
ISIC_0028111.jpg,5,5
ISIC_0033633.jpg,5,2
ISIC_0025112.jpg,5,1
ISIC_0031843.jpg,5,5
ISIC_0031606.jpg,5,5
ISIC_0031011.jpg,5,5
ISIC_0031471.jpg,5,5
ISIC_0029664.jpg,5,5
ISIC_0032904.jpg,5,5
ISIC_0025071.jpg,5,5
ISIC_0031237.jpg,5,5
ISIC_0029704.jpg,5,4
ISIC_0028812.jpg,5,5
ISIC_0032519.jpg,5,1
ISIC_0025124.jpg,5,5
ISIC_0030190.jpg,5,5
ISIC_0030577.jpg,5,5
ISIC_0025516.jpg,5,4
ISIC_0034041.jpg,5,5
ISIC_0033077.jpg,5,5
ISIC_0033448.jpg,5,5
ISIC_0028724.jpg,5,5
ISIC_0026780.jpg,5,5
ISIC_0025343.jpg,5,5
ISIC_0025012.jpg,5,5
ISIC_0029763.jpg,5,5
ISIC_0027469.jpg,5,4
ISIC_0033515.jpg,5,4
ISIC_0030013.jpg,5,5
ISIC_0027364.jpg,5,4
ISIC_0030862.jpg,5,5
ISIC_0028058.jpg,5,5
ISIC_0026306.jpg,5,5
ISIC_0033348.jpg,5,4
ISIC_0032999.jpg,5,5
ISIC_0031850.jpg,5,5
ISIC_0029727.jpg,5,5
ISIC_0029134.jpg,5,5
ISIC_0029469.jpg,5,5
ISIC_0029398.jpg,5,5
ISIC_0032212.jpg,5,5
ISIC_0029284.jpg,5,5
ISIC_0033932.jpg,5,4
ISIC_0030787.jpg,5,5
ISIC_0026231.jpg,5,3
ISIC_0026059.jpg,5,5
ISIC_0028918.jpg,5,5
ISIC_0024812.jpg,5,5
ISIC_0028239.jpg,5,5
ISIC_0024682.jpg,5,4
ISIC_0031419.jpg,5,5
ISIC_0026585.jpg,5,5
ISIC_0026397.jpg,5,5
ISIC_0026013.jpg,5,5
ISIC_0026937.jpg,5,5
ISIC_0025929.jpg,5,5
ISIC_0027800.jpg,5,5
ISIC_0030572.jpg,5,5
ISIC_0028522.jpg,5,5
ISIC_0026603.jpg,5,5
ISIC_0027441.jpg,5,5
ISIC_0030196.jpg,5,5
ISIC_0026836.jpg,5,5
ISIC_0033182.jpg,5,2
ISIC_0025734.jpg,5,4
ISIC_0033597.jpg,5,5
ISIC_0025945.jpg,5,2
ISIC_0029304.jpg,5,5
ISIC_0026809.jpg,5,4
ISIC_0025869.jpg,5,2
ISIC_0034298.jpg,5,2
ISIC_0026667.jpg,5,5
ISIC_0024532.jpg,5,5
ISIC_0025014.jpg,5,5
ISIC_0030711.jpg,5,5
ISIC_0028097.jpg,5,5
ISIC_0027503.jpg,5,5
ISIC_0025566.jpg,5,5
ISIC_0025436.jpg,5,4
ISIC_0029828.jpg,5,1
ISIC_0031776.jpg,5,2
ISIC_0031833.jpg,5,5
ISIC_0032391.jpg,5,5
ISIC_0030906.jpg,5,5
ISIC_0030530.jpg,5,5
ISIC_0026841.jpg,5,2
ISIC_0025207.jpg,5,5
ISIC_0034309.jpg,5,5
ISIC_0030752.jpg,5,5
ISIC_0029459.jpg,5,4
ISIC_0031101.jpg,5,5
ISIC_0025684.jpg,5,4
ISIC_0027528.jpg,5,2
ISIC_0032338.jpg,5,5
ISIC_0028997.jpg,5,5
ISIC_0032442.jpg,5,5
ISIC_0028752.jpg,5,5
ISIC_0032054.jpg,5,5
ISIC_0028609.jpg,5,5
ISIC_0030904.jpg,5,5
ISIC_0033645.jpg,5,4
ISIC_0028921.jpg,5,5
ISIC_0028345.jpg,5,5
ISIC_0024858.jpg,5,5
ISIC_0027429.jpg,5,5
ISIC_0028408.jpg,5,1
ISIC_0033461.jpg,5,4
ISIC_0027791.jpg,5,5
ISIC_0026396.jpg,5,5
ISIC_0029718.jpg,5,5
ISIC_0029414.jpg,5,5
ISIC_0026630.jpg,5,5
ISIC_0033516.jpg,5,5
ISIC_0026513.jpg,5,4
ISIC_0033757.jpg,5,5
ISIC_0026223.jpg,5,5
ISIC_0030505.jpg,5,5
ISIC_0024963.jpg,5,2
ISIC_0032998.jpg,5,5
ISIC_0032160.jpg,5,5
ISIC_0025738.jpg,5,5
ISIC_0026391.jpg,5,4
ISIC_0028729.jpg,5,5
ISIC_0029338.jpg,5,5
ISIC_0031100.jpg,5,5
ISIC_0029293.jpg,5,5
ISIC_0032878.jpg,5,4
ISIC_0031875.jpg,5,4
ISIC_0031882.jpg,5,5
ISIC_0033917.jpg,5,2
ISIC_0027961.jpg,5,2
ISIC_0030578.jpg,5,5
ISIC_0031246.jpg,5,5
ISIC_0028721.jpg,5,5
ISIC_0027762.jpg,5,5
ISIC_0025705.jpg,5,5
ISIC_0028757.jpg,5,0
ISIC_0027568.jpg,5,3
ISIC_0032896.jpg,5,1
ISIC_0031739.jpg,5,5
ISIC_0026654.jpg,5,0
ISIC_0030263.jpg,5,5
ISIC_0030260.jpg,5,4
ISIC_0033471.jpg,5,4
ISIC_0029725.jpg,5,4
ISIC_0027636.jpg,5,5
ISIC_0026727.jpg,5,5
ISIC_0031682.jpg,5,5
ISIC_0028919.jpg,5,5
ISIC_0025852.jpg,5,5
ISIC_0030022.jpg,5,5
ISIC_0028597.jpg,5,5
ISIC_0031760.jpg,5,5
ISIC_0031710.jpg,5,4
ISIC_0027738.jpg,5,1
ISIC_0027012.jpg,5,5
ISIC_0025398.jpg,5,5
ISIC_0030453.jpg,5,5
ISIC_0031781.jpg,5,5
ISIC_0027532.jpg,5,5
ISIC_0029646.jpg,5,5
ISIC_0034108.jpg,5,2
ISIC_0033131.jpg,5,5
ISIC_0030401.jpg,5,1
ISIC_0025150.jpg,5,5
ISIC_0033862.jpg,5,5
ISIC_0025641.jpg,5,5
ISIC_0028280.jpg,5,4
ISIC_0032648.jpg,5,2
ISIC_0025625.jpg,5,5
ISIC_0025847.jpg,5,5
ISIC_0031438.jpg,5,5
ISIC_0025407.jpg,5,5
ISIC_0030224.jpg,5,5
ISIC_0032011.jpg,5,5
ISIC_0024628.jpg,5,5
ISIC_0033632.jpg,5,1
ISIC_0032908.jpg,5,5
ISIC_0024745.jpg,5,5
ISIC_0028981.jpg,5,4
ISIC_0031502.jpg,5,2
ISIC_0029211.jpg,5,5
ISIC_0034136.jpg,5,4
ISIC_0025502.jpg,5,5
ISIC_0025308.jpg,5,5
ISIC_0030259.jpg,5,5
ISIC_0033558.jpg,5,2
ISIC_0027059.jpg,5,5
ISIC_0030962.jpg,5,0
ISIC_0025473.jpg,5,5
ISIC_0029054.jpg,5,4
ISIC_0030428.jpg,5,5
ISIC_0025453.jpg,5,0
ISIC_0025776.jpg,5,4
ISIC_0031878.jpg,5,5
ISIC_0030902.jpg,5,5
ISIC_0029521.jpg,5,5
ISIC_0024362.jpg,5,5
ISIC_0030342.jpg,5,5
ISIC_0027317.jpg,5,5
ISIC_0032161.jpg,5,5
ISIC_0030937.jpg,5,4
ISIC_0028571.jpg,5,4
ISIC_0026465.jpg,5,5
ISIC_0030982.jpg,5,5
ISIC_0028119.jpg,5,5
ISIC_0032324.jpg,5,5
ISIC_0029797.jpg,5,5
ISIC_0025686.jpg,5,5
ISIC_0031775.jpg,5,5
ISIC_0027122.jpg,5,2
ISIC_0031724.jpg,5,5
ISIC_0024992.jpg,5,5
ISIC_0027116.jpg,5,5
ISIC_0025797.jpg,5,5
ISIC_0028802.jpg,5,5
ISIC_0032477.jpg,5,5
ISIC_0026537.jpg,5,5
ISIC_0026128.jpg,5,5
ISIC_0025079.jpg,5,5
ISIC_0028893.jpg,5,5
ISIC_0030292.jpg,5,5
ISIC_0030048.jpg,5,5
ISIC_0026969.jpg,5,5
ISIC_0032578.jpg,5,5
ISIC_0024796.jpg,5,5
ISIC_0026724.jpg,5,5
ISIC_0033623.jpg,5,5
ISIC_0027641.jpg,5,5
ISIC_0024493.jpg,5,5
ISIC_0031829.jpg,5,4
ISIC_0028509.jpg,5,5
ISIC_0033530.jpg,5,4
ISIC_0030268.jpg,5,4
ISIC_0028804.jpg,5,2
ISIC_0027333.jpg,5,5
ISIC_0030370.jpg,5,4
ISIC_0033360.jpg,5,4
ISIC_0031769.jpg,5,1
ISIC_0033943.jpg,5,4
ISIC_0025889.jpg,5,5
ISIC_0030525.jpg,5,0
ISIC_0024627.jpg,5,5
ISIC_0031347.jpg,5,5
ISIC_0032008.jpg,5,2
ISIC_0033083.jpg,5,5
ISIC_0025882.jpg,5,5
ISIC_0031071.jpg,5,2
ISIC_0029408.jpg,5,5
ISIC_0029385.jpg,5,5
ISIC_0024506.jpg,5,5
ISIC_0027541.jpg,5,5
ISIC_0029980.jpg,5,5
ISIC_0028527.jpg,5,2
ISIC_0033604.jpg,5,4
ISIC_0029395.jpg,5,5
ISIC_0027097.jpg,5,4
ISIC_0027110.jpg,5,5
ISIC_0033984.jpg,5,4
ISIC_0029269.jpg,5,5
ISIC_0027081.jpg,5,5
ISIC_0029586.jpg,5,5
ISIC_0033087.jpg,5,4
ISIC_0028704.jpg,5,5
ISIC_0029688.jpg,5,5
ISIC_0030287.jpg,5,5
ISIC_0031195.jpg,5,5
ISIC_0031325.jpg,5,5
ISIC_0030637.jpg,5,5
ISIC_0027266.jpg,5,2
ISIC_0032710.jpg,5,5
ISIC_0032071.jpg,5,5
ISIC_0024379.jpg,5,5
ISIC_0027289.jpg,5,5
ISIC_0027245.jpg,5,5
ISIC_0029648.jpg,5,5
ISIC_0025426.jpg,5,5
ISIC_0025369.jpg,5,5
ISIC_0030068.jpg,5,5
ISIC_0032686.jpg,5,5
ISIC_0033467.jpg,5,5
ISIC_0032760.jpg,5,5
ISIC_0032291.jpg,5,2
ISIC_0032606.jpg,5,2
ISIC_0033281.jpg,5,5
ISIC_0024878.jpg,5,5
ISIC_0033380.jpg,5,5
ISIC_0032440.jpg,5,5
ISIC_0026942.jpg,5,2
ISIC_0028310.jpg,5,2
ISIC_0026808.jpg,5,5
ISIC_0031815.jpg,5,5
ISIC_0033954.jpg,5,5
ISIC_0032393.jpg,5,5
ISIC_0031734.jpg,5,5
ISIC_0034207.jpg,5,5
ISIC_0032369.jpg,5,5
ISIC_0032416.jpg,5,5
ISIC_0032341.jpg,5,5
ISIC_0033888.jpg,5,4
ISIC_0024428.jpg,5,5
ISIC_0028440.jpg,5,5
ISIC_0025246.jpg,5,5
ISIC_0027312.jpg,5,5
ISIC_0029290.jpg,5,5
ISIC_0026764.jpg,5,4
ISIC_0025281.jpg,5,5
ISIC_0026488.jpg,5,2
ISIC_0032167.jpg,5,5
ISIC_0031172.jpg,5,2
ISIC_0026719.jpg,5,5
ISIC_0029463.jpg,5,5
ISIC_0030796.jpg,5,4
ISIC_0024393.jpg,5,5
ISIC_0033753.jpg,5,4
ISIC_0033078.jpg,5,4
ISIC_0027521.jpg,5,5
ISIC_0029758.jpg,5,5
ISIC_0033652.jpg,5,5
ISIC_0031461.jpg,5,5
ISIC_0024439.jpg,5,0
ISIC_0027377.jpg,5,5
ISIC_0033276.jpg,5,5
ISIC_0024527.jpg,5,5
ISIC_0032500.jpg,5,5
ISIC_0025463.jpg,5,4
ISIC_0026818.jpg,5,5
ISIC_0027715.jpg,5,5
ISIC_0025151.jpg,5,5
ISIC_0028187.jpg,5,5
ISIC_0028817.jpg,5,5
ISIC_0024797.jpg,5,5
ISIC_0032411.jpg,5,5
ISIC_0026011.jpg,5,5
ISIC_0025318.jpg,5,5
ISIC_0030753.jpg,5,5
ISIC_0024327.jpg,5,5
ISIC_0034084.jpg,5,5
ISIC_0024558.jpg,5,5
ISIC_0024355.jpg,5,2
ISIC_0032226.jpg,5,5
ISIC_0025779.jpg,5,5
ISIC_0027351.jpg,5,5
ISIC_0027911.jpg,5,2
ISIC_0029325.jpg,5,1
ISIC_0030371.jpg,5,4
ISIC_0029853.jpg,5,5
ISIC_0030163.jpg,5,5
ISIC_0034166.jpg,5,1
ISIC_0028993.jpg,5,5
ISIC_0026093.jpg,5,5
ISIC_0031472.jpg,5,5
ISIC_0025615.jpg,5,5
ISIC_0025177.jpg,5,5
ISIC_0025400.jpg,5,5
ISIC_0028601.jpg,5,5
ISIC_0026680.jpg,5,5
ISIC_0030679.jpg,5,5
ISIC_0031701.jpg,5,5
ISIC_0026752.jpg,5,5
ISIC_0034184.jpg,5,3
ISIC_0030899.jpg,5,2
ISIC_0032141.jpg,5,1
ISIC_0029592.jpg,5,2
ISIC_0032332.jpg,5,5
ISIC_0025323.jpg,5,5
ISIC_0031478.jpg,5,5
ISIC_0029814.jpg,5,5
ISIC_0032540.jpg,5,5
ISIC_0031207.jpg,5,5
ISIC_0030164.jpg,5,5
ISIC_0029095.jpg,5,0
ISIC_0025784.jpg,5,5
ISIC_0027890.jpg,5,5
ISIC_0025055.jpg,5,5
ISIC_0029618.jpg,5,5
ISIC_0024417.jpg,5,5
ISIC_0029452.jpg,5,4
ISIC_0029870.jpg,5,5
ISIC_0026828.jpg,5,5
ISIC_0031840.jpg,5,5
ISIC_0032387.jpg,5,4
ISIC_0029047.jpg,5,5
ISIC_0026161.jpg,5,5
ISIC_0029436.jpg,5,5
ISIC_0034130.jpg,5,6
ISIC_0029403.jpg,5,5
ISIC_0031336.jpg,5,5
ISIC_0026946.jpg,5,5
ISIC_0031221.jpg,5,1
ISIC_0030540.jpg,5,5
ISIC_0031837.jpg,5,5
ISIC_0029058.jpg,5,5
ISIC_0029616.jpg,5,5
ISIC_0025004.jpg,5,5
ISIC_0027357.jpg,5,5
ISIC_0033057.jpg,5,4
ISIC_0025822.jpg,5,5
ISIC_0029833.jpg,5,2
ISIC_0026255.jpg,5,5
ISIC_0031398.jpg,5,5
ISIC_0029457.jpg,5,4
ISIC_0030639.jpg,5,2
ISIC_0025036.jpg,5,5
ISIC_0032216.jpg,5,5
ISIC_0030350.jpg,5,4
ISIC_0033126.jpg,5,5
ISIC_0025379.jpg,5,5
ISIC_0024308.jpg,5,5
ISIC_0027353.jpg,5,5
ISIC_0026689.jpg,5,5
ISIC_0028387.jpg,5,5
ISIC_0033795.jpg,5,4
ISIC_0028991.jpg,5,5
ISIC_0031575.jpg,5,5
ISIC_0029440.jpg,5,5
ISIC_0028007.jpg,5,5
ISIC_0025410.jpg,5,5
ISIC_0028483.jpg,5,5
ISIC_0025597.jpg,5,4
ISIC_0031970.jpg,5,4
ISIC_0025764.jpg,5,5
ISIC_0032814.jpg,5,5
ISIC_0024548.jpg,5,5
ISIC_0032021.jpg,5,4
ISIC_0029333.jpg,5,5
ISIC_0032933.jpg,5,4
ISIC_0032475.jpg,5,5
ISIC_0032706.jpg,5,4
ISIC_0027152.jpg,5,2
ISIC_0034075.jpg,5,2
ISIC_0025108.jpg,5,5
ISIC_0032107.jpg,5,5
ISIC_0027127.jpg,5,4
ISIC_0025210.jpg,5,4
ISIC_0028910.jpg,5,5
ISIC_0033418.jpg,5,4
ISIC_0033332.jpg,5,1
ISIC_0025243.jpg,5,5
ISIC_0029677.jpg,5,5
ISIC_0032568.jpg,5,5
ISIC_0032406.jpg,5,5
ISIC_0025077.jpg,5,5
ISIC_0033163.jpg,5,4
ISIC_0025688.jpg,5,5
ISIC_0029594.jpg,5,5
ISIC_0033521.jpg,5,4
ISIC_0030535.jpg,5,1
ISIC_0034043.jpg,5,3
ISIC_0032924.jpg,5,4
ISIC_0027927.jpg,5,5
ISIC_0034067.jpg,5,6
ISIC_0034254.jpg,5,4
ISIC_0028263.jpg,5,5
ISIC_0027955.jpg,5,5
ISIC_0024519.jpg,5,4
ISIC_0029691.jpg,5,5
ISIC_0032055.jpg,5,5
ISIC_0029784.jpg,5,5
ISIC_0028953.jpg,5,5
ISIC_0033715.jpg,5,2
ISIC_0026561.jpg,5,5
ISIC_0025580.jpg,5,5
ISIC_0028948.jpg,5,5
ISIC_0027844.jpg,5,5
ISIC_0025284.jpg,5,5
ISIC_0029456.jpg,5,5
ISIC_0025278.jpg,5,3
ISIC_0024637.jpg,5,4
ISIC_0027717.jpg,5,5
ISIC_0030200.jpg,5,5
ISIC_0025360.jpg,5,5
ISIC_0031965.jpg,5,5
ISIC_0024559.jpg,5,5
ISIC_0024473.jpg,5,5
ISIC_0028368.jpg,5,5
ISIC_0032950.jpg,5,1
ISIC_0027605.jpg,5,5
ISIC_0025401.jpg,5,2
ISIC_0025742.jpg,5,5
ISIC_0032852.jpg,5,5
ISIC_0027993.jpg,5,5
ISIC_0025933.jpg,5,5
ISIC_0033513.jpg,5,5
ISIC_0025011.jpg,5,5
ISIC_0033600.jpg,5,5
ISIC_0029164.jpg,5,5
ISIC_0031674.jpg,5,6
ISIC_0033425.jpg,5,4
ISIC_0025253.jpg,5,5
ISIC_0031373.jpg,5,5
ISIC_0024560.jpg,5,4
ISIC_0030071.jpg,5,5
ISIC_0030631.jpg,5,5
ISIC_0031262.jpg,5,5
ISIC_0028416.jpg,5,5
ISIC_0024557.jpg,5,5
ISIC_0029282.jpg,5,5
ISIC_0024674.jpg,5,4
ISIC_0026792.jpg,5,5
ISIC_0031752.jpg,5,5
ISIC_0024317.jpg,5,4
ISIC_0031791.jpg,5,5
ISIC_0031533.jpg,5,5
ISIC_0025141.jpg,5,5
ISIC_0027944.jpg,5,5
ISIC_0033443.jpg,5,4
ISIC_0027157.jpg,5,5
ISIC_0031913.jpg,5,2
ISIC_0031403.jpg,5,5
ISIC_0031679.jpg,5,5
ISIC_0030364.jpg,5,5
ISIC_0030213.jpg,5,5
ISIC_0027718.jpg,5,4
ISIC_0032010.jpg,5,5
ISIC_0030410.jpg,5,2
ISIC_0030739.jpg,5,5
ISIC_0025023.jpg,5,5
ISIC_0032512.jpg,5,5
ISIC_0030484.jpg,5,5
ISIC_0029550.jpg,5,5
ISIC_0030155.jpg,5,1
ISIC_0032753.jpg,5,4
ISIC_0032347.jpg,5,5
ISIC_0024319.jpg,5,5
ISIC_0030332.jpg,5,5
ISIC_0031504.jpg,5,5
ISIC_0030793.jpg,5,4
ISIC_0028660.jpg,5,5
ISIC_0029835.jpg,5,4
ISIC_0029706.jpg,5,5
ISIC_0033290.jpg,5,5
ISIC_0027298.jpg,5,4
ISIC_0028523.jpg,5,5
ISIC_0031641.jpg,5,5
ISIC_0026862.jpg,5,5
ISIC_0024485.jpg,5,5
ISIC_0026904.jpg,5,5
ISIC_0028821.jpg,5,5
ISIC_0024603.jpg,5,5
ISIC_0025857.jpg,5,5
ISIC_0034285.jpg,5,4
ISIC_0031463.jpg,5,5
ISIC_0031676.jpg,5,2
ISIC_0028142.jpg,5,5
ISIC_0031142.jpg,5,2
ISIC_0026749.jpg,5,5
ISIC_0027241.jpg,5,5
ISIC_0027764.jpg,5,5
ISIC_0032746.jpg,5,1
ISIC_0029869.jpg,5,5
ISIC_0030373.jpg,5,5
ISIC_0028870.jpg,5,6
ISIC_0027340.jpg,5,5
ISIC_0029534.jpg,5,0
ISIC_0030413.jpg,5,5
ISIC_0033121.jpg,5,5
ISIC_0031810.jpg,5,5
ISIC_0027286.jpg,5,5
ISIC_0030686.jpg,5,5
ISIC_0027257.jpg,5,5
ISIC_0024405.jpg,5,5
ISIC_0034035.jpg,5,5
ISIC_0024752.jpg,5,2
ISIC_0028036.jpg,5,2
ISIC_0032499.jpg,5,5
ISIC_0025175.jpg,5,5
ISIC_0031924.jpg,5,4
ISIC_0030328.jpg,5,5
ISIC_0026548.jpg,5,5
ISIC_0030815.jpg,5,5
ISIC_0033782.jpg,5,1
ISIC_0031361.jpg,5,5
ISIC_0029383.jpg,5,5
ISIC_0028405.jpg,5,5
ISIC_0034238.jpg,5,4
ISIC_0025381.jpg,5,5
ISIC_0031982.jpg,5,4
ISIC_0030527.jpg,5,5
ISIC_0026455.jpg,5,2
ISIC_0028444.jpg,5,5
ISIC_0031615.jpg,5,5
ISIC_0032886.jpg,5,5
ISIC_0024488.jpg,5,5
ISIC_0031662.jpg,5,2
ISIC_0026367.jpg,5,2
ISIC_0025880.jpg,5,5
ISIC_0030651.jpg,5,5
ISIC_0031248.jpg,5,5
ISIC_0028434.jpg,5,5
ISIC_0027001.jpg,5,5
ISIC_0033930.jpg,5,5
ISIC_0028546.jpg,5,5
ISIC_0027843.jpg,5,5
ISIC_0026736.jpg,5,5
ISIC_0034182.jpg,5,5
ISIC_0031047.jpg,5,5
ISIC_0032543.jpg,5,2
ISIC_0032375.jpg,5,5
ISIC_0033821.jpg,5,4
ISIC_0030625.jpg,5,5
ISIC_0029374.jpg,5,5
ISIC_0030178.jpg,5,5
ISIC_0024642.jpg,5,4
ISIC_0032770.jpg,5,5
ISIC_0029016.jpg,5,5
ISIC_0027899.jpg,5,5
ISIC_0031964.jpg,5,5
ISIC_0029622.jpg,5,5
ISIC_0027003.jpg,5,4
ISIC_0029775.jpg,5,5
ISIC_0032074.jpg,5,5
ISIC_0032374.jpg,5,3
ISIC_0032572.jpg,5,4
ISIC_0024661.jpg,5,5
ISIC_0031164.jpg,5,6
ISIC_0031313.jpg,5,5
ISIC_0032581.jpg,5,5
ISIC_0026185.jpg,5,5
ISIC_0028712.jpg,5,5
ISIC_0031462.jpg,5,1
ISIC_0034187.jpg,5,2
ISIC_0028302.jpg,5,1
ISIC_0028733.jpg,5,5
ISIC_0033680.jpg,5,2
ISIC_0033540.jpg,5,1
ISIC_0025506.jpg,5,4
ISIC_0027200.jpg,5,5
ISIC_0029431.jpg,5,4
ISIC_0028437.jpg,5,5
ISIC_0031144.jpg,5,5
ISIC_0030358.jpg,5,1
ISIC_0025455.jpg,5,5
ISIC_0026804.jpg,5,5
ISIC_0030692.jpg,5,5
ISIC_0025631.jpg,5,2
ISIC_0028462.jpg,5,5
ISIC_0025393.jpg,5,5
ISIC_0033965.jpg,5,5
ISIC_0034139.jpg,5,5
ISIC_0028865.jpg,5,2
ISIC_0028912.jpg,5,5
ISIC_0030218.jpg,5,5
ISIC_0029075.jpg,5,5
ISIC_0024607.jpg,5,5
ISIC_0024512.jpg,5,5
ISIC_0029615.jpg,5,5
ISIC_0028585.jpg,5,5
ISIC_0026036.jpg,5,5
ISIC_0032233.jpg,5,5
ISIC_0032311.jpg,5,5
ISIC_0028573.jpg,5,2
ISIC_0033563.jpg,5,5
ISIC_0030236.jpg,5,5
ISIC_0028066.jpg,5,4
ISIC_0026761.jpg,5,5
ISIC_0024429.jpg,5,5
ISIC_0025897.jpg,5,4
ISIC_0030059.jpg,5,5
ISIC_0028839.jpg,5,5
ISIC_0029711.jpg,5,5
ISIC_0028130.jpg,5,5
ISIC_0028062.jpg,5,5
ISIC_0028018.jpg,5,5
ISIC_0026197.jpg,5,5
ISIC_0030740.jpg,5,5
ISIC_0031920.jpg,5,5
ISIC_0026390.jpg,5,5
ISIC_0030404.jpg,5,5
ISIC_0026302.jpg,5,5
ISIC_0026425.jpg,5,5
ISIC_0024384.jpg,5,5
ISIC_0033699.jpg,5,5
ISIC_0033972.jpg,5,2
ISIC_0032285.jpg,5,5
ISIC_0024866.jpg,5,5
ISIC_0026147.jpg,5,5
ISIC_0026448.jpg,5,5
ISIC_0028269.jpg,5,5
ISIC_0025101.jpg,5,2
ISIC_0026551.jpg,5,5
ISIC_0030167.jpg,5,2
ISIC_0030946.jpg,5,5
ISIC_0027628.jpg,5,5
ISIC_0029197.jpg,5,5
ISIC_0024691.jpg,5,5
ISIC_0033875.jpg,5,5
ISIC_0024846.jpg,5,4
ISIC_0029339.jpg,5,4
ISIC_0028895.jpg,5,3
ISIC_0024928.jpg,5,2
ISIC_0031646.jpg,5,5
ISIC_0032701.jpg,5,5
ISIC_0030748.jpg,5,5
ISIC_0026151.jpg,5,5
ISIC_0027931.jpg,5,4
ISIC_0027593.jpg,5,5
ISIC_0025861.jpg,5,5
ISIC_0026023.jpg,5,5
ISIC_0029183.jpg,5,5
ISIC_0028717.jpg,5,5
ISIC_0025769.jpg,5,5
ISIC_0030725.jpg,5,5
ISIC_0027226.jpg,5,4
ISIC_0024585.jpg,5,5
ISIC_0031366.jpg,5,5
ISIC_0025460.jpg,5,5
ISIC_0024794.jpg,5,5
ISIC_0025796.jpg,5,5
ISIC_0026560.jpg,5,4
ISIC_0024334.jpg,5,5
ISIC_0031892.jpg,5,5
ISIC_0026807.jpg,5,5
ISIC_0033823.jpg,5,5
ISIC_0026722.jpg,5,4
ISIC_0024444.jpg,5,5
ISIC_0033298.jpg,5,5
ISIC_0029641.jpg,5,5
ISIC_0030482.jpg,5,5
ISIC_0029332.jpg,5,2
ISIC_0031434.jpg,5,5
ISIC_0028667.jpg,5,5
ISIC_0026322.jpg,5,5
ISIC_0026243.jpg,5,5
ISIC_0031926.jpg,5,5
ISIC_0024528.jpg,5,5
ISIC_0027934.jpg,5,5
ISIC_0031395.jpg,5,4
ISIC_0024976.jpg,5,5
ISIC_0030940.jpg,5,2
ISIC_0026345.jpg,5,5
ISIC_0027045.jpg,5,1
ISIC_0026209.jpg,5,4
ISIC_0027472.jpg,5,5
ISIC_0026542.jpg,5,5
ISIC_0026641.jpg,5,5
ISIC_0031656.jpg,5,5
ISIC_0029055.jpg,5,5
ISIC_0031357.jpg,5,5
ISIC_0031521.jpg,5,4
ISIC_0032104.jpg,5,5
ISIC_0030475.jpg,5,5
ISIC_0026064.jpg,5,5
ISIC_0027574.jpg,5,5
ISIC_0026215.jpg,5,2
ISIC_0029004.jpg,5,5
ISIC_0028175.jpg,5,5
ISIC_0026908.jpg,5,5
ISIC_0033580.jpg,5,5
ISIC_0024377.jpg,5,4
ISIC_0030433.jpg,5,5
ISIC_0032561.jpg,5,4
ISIC_0030498.jpg,5,5
ISIC_0030154.jpg,5,5
ISIC_0031906.jpg,5,5
ISIC_0027684.jpg,5,2
ISIC_0029084.jpg,5,5
ISIC_0026329.jpg,5,1
ISIC_0033622.jpg,5,5
ISIC_0031540.jpg,5,5
ISIC_0031607.jpg,5,5
ISIC_0029497.jpg,5,5
ISIC_0026399.jpg,5,5
ISIC_0027701.jpg,5,5
ISIC_0034308.jpg,5,5
ISIC_0029966.jpg,5,5
ISIC_0027104.jpg,5,5
ISIC_0032093.jpg,5,5
ISIC_0029920.jpg,5,5
ISIC_0025770.jpg,5,5
ISIC_0025021.jpg,5,3
ISIC_0026278.jpg,5,5
ISIC_0030146.jpg,5,5
ISIC_0033150.jpg,5,4
ISIC_0032990.jpg,5,2
ISIC_0026308.jpg,5,5
ISIC_0027180.jpg,5,5
ISIC_0027548.jpg,5,5
ISIC_0033025.jpg,5,4
ISIC_0024979.jpg,5,5
ISIC_0029714.jpg,5,5
ISIC_0029085.jpg,5,5
ISIC_0032855.jpg,5,4
ISIC_0033735.jpg,5,4
ISIC_0028528.jpg,5,4
ISIC_0028634.jpg,5,5
ISIC_0026812.jpg,5,5
ISIC_0026123.jpg,5,2
ISIC_0030254.jpg,5,5
ISIC_0030648.jpg,5,5
ISIC_0025521.jpg,5,5
ISIC_0032649.jpg,5,5
ISIC_0026071.jpg,5,2
ISIC_0031454.jpg,5,1
ISIC_0028166.jpg,5,3
ISIC_0029347.jpg,5,5
ISIC_0025820.jpg,5,5
ISIC_0033139.jpg,5,3
ISIC_0032580.jpg,5,4
ISIC_0030016.jpg,5,5
ISIC_0025133.jpg,5,4
ISIC_0029298.jpg,5,4
ISIC_0027448.jpg,5,5
ISIC_0027694.jpg,5,5
ISIC_0025620.jpg,5,5
ISIC_0029800.jpg,5,5
ISIC_0027182.jpg,5,5
ISIC_0029077.jpg,5,5
ISIC_0025774.jpg,5,5
ISIC_0030128.jpg,5,5
ISIC_0024830.jpg,5,2
ISIC_0029240.jpg,5,5
ISIC_0027809.jpg,5,5
ISIC_0025828.jpg,5,5
ISIC_0026202.jpg,5,5
ISIC_0032453.jpg,5,5
ISIC_0024998.jpg,5,5
ISIC_0034250.jpg,5,4
ISIC_0024479.jpg,5,4
ISIC_0028794.jpg,5,5
ISIC_0024608.jpg,5,4
ISIC_0027842.jpg,5,5
ISIC_0026237.jpg,5,2
ISIC_0025998.jpg,5,5
ISIC_0033080.jpg,5,4
ISIC_0025722.jpg,5,5
ISIC_0026889.jpg,5,5
ISIC_0032673.jpg,5,5
ISIC_0033870.jpg,5,4
ISIC_0030212.jpg,5,5
ISIC_0025194.jpg,5,5
ISIC_0028297.jpg,5,5
ISIC_0034079.jpg,5,5
ISIC_0026503.jpg,5,5
ISIC_0029554.jpg,5,1
ISIC_0024619.jpg,5,5
ISIC_0024613.jpg,5,5
ISIC_0028363.jpg,5,5
ISIC_0034080.jpg,5,4
ISIC_0027789.jpg,5,5
ISIC_0031990.jpg,5,5
ISIC_0026137.jpg,5,5
ISIC_0029599.jpg,5,5
ISIC_0031319.jpg,5,5
ISIC_0026600.jpg,5,4
ISIC_0033489.jpg,5,4
ISIC_0030479.jpg,5,5
ISIC_0032346.jpg,5,5
ISIC_0027232.jpg,5,2
ISIC_0028768.jpg,5,5
ISIC_0029386.jpg,5,5
ISIC_0029321.jpg,5,5
ISIC_0025714.jpg,5,5
ISIC_0032871.jpg,5,4
ISIC_0029446.jpg,5,5
ISIC_0025747.jpg,5,5
ISIC_0028648.jpg,5,4
ISIC_0031657.jpg,5,2
ISIC_0027176.jpg,5,5
ISIC_0030726.jpg,5,5
ISIC_0033303.jpg,5,2
ISIC_0026964.jpg,5,2
ISIC_0030206.jpg,5,5
ISIC_0026295.jpg,5,3
ISIC_0032555.jpg,5,4
ISIC_0025855.jpg,5,3
ISIC_0030855.jpg,5,5
ISIC_0028697.jpg,5,5
ISIC_0027932.jpg,5,2
ISIC_0026076.jpg,5,4
ISIC_0028273.jpg,5,5
ISIC_0031849.jpg,5,5
ISIC_0024704.jpg,5,5
ISIC_0025952.jpg,5,5
ISIC_0027411.jpg,5,5
ISIC_0028672.jpg,5,5
ISIC_0031756.jpg,5,0
ISIC_0027686.jpg,5,3
ISIC_0032147.jpg,5,5
ISIC_0031693.jpg,5,5
ISIC_0027196.jpg,5,5
ISIC_0030270.jpg,5,5
ISIC_0032101.jpg,5,5
ISIC_0034203.jpg,5,3
ISIC_0025148.jpg,5,5
ISIC_0024551.jpg,5,5
ISIC_0026330.jpg,5,1
ISIC_0025114.jpg,5,5
ISIC_0025073.jpg,5,5
ISIC_0032050.jpg,5,5
ISIC_0027981.jpg,5,5
ISIC_0028423.jpg,5,5
ISIC_0029712.jpg,5,5
ISIC_0025341.jpg,5,5
ISIC_0031547.jpg,5,5
ISIC_0030144.jpg,5,5
ISIC_0032599.jpg,5,4
ISIC_0033963.jpg,5,5
ISIC_0027514.jpg,5,4
ISIC_0032364.jpg,5,2
ISIC_0029624.jpg,5,5
ISIC_0034234.jpg,5,5
ISIC_0031804.jpg,5,5
ISIC_0029695.jpg,5,5
ISIC_0030866.jpg,5,5
ISIC_0033988.jpg,5,5
ISIC_0032682.jpg,5,1
ISIC_0031126.jpg,5,2
ISIC_0026029.jpg,5,1
ISIC_0028252.jpg,5,4
ISIC_0025671.jpg,5,2
ISIC_0030426.jpg,5,4
ISIC_0033742.jpg,5,4
ISIC_0027301.jpg,5,5
ISIC_0033859.jpg,5,2
ISIC_0032254.jpg,5,5
ISIC_0027048.jpg,5,5
ISIC_0028199.jpg,5,5
ISIC_0026502.jpg,5,5
ISIC_0032565.jpg,5,4
ISIC_0028713.jpg,5,5
ISIC_0026026.jpg,5,5
ISIC_0027963.jpg,5,4
ISIC_0029310.jpg,5,5
ISIC_0030647.jpg,5,5
ISIC_0032276.jpg,5,5
ISIC_0032762.jpg,5,4
ISIC_0024920.jpg,5,5
ISIC_0033164.jpg,5,5
ISIC_0028742.jpg,5,5
ISIC_0030897.jpg,5,5
ISIC_0030666.jpg,5,2
ISIC_0027848.jpg,5,4
ISIC_0030548.jpg,5,5
ISIC_0027421.jpg,5,1
ISIC_0030750.jpg,5,5
ISIC_0033527.jpg,5,5
ISIC_0030415.jpg,5,5
ISIC_0026815.jpg,5,5
ISIC_0027197.jpg,5,4
ISIC_0025273.jpg,5,5
ISIC_0026075.jpg,5,5
ISIC_0025572.jpg,5,5
ISIC_0031268.jpg,5,2
ISIC_0031018.jpg,5,5
ISIC_0030981.jpg,5,4
ISIC_0027161.jpg,5,5
ISIC_0027075.jpg,5,5
ISIC_0030477.jpg,5,5
ISIC_0026569.jpg,5,1
ISIC_0030125.jpg,5,5
ISIC_0027919.jpg,5,5
ISIC_0029488.jpg,5,2
ISIC_0025061.jpg,5,5
ISIC_0027264.jpg,5,5
ISIC_0025678.jpg,5,5
ISIC_0026648.jpg,5,5
ISIC_0027208.jpg,5,2
ISIC_0027883.jpg,5,4
ISIC_0032501.jpg,5,2
ISIC_0027406.jpg,5,4
ISIC_0026224.jpg,5,5
ISIC_0028864.jpg,5,5
ISIC_0028098.jpg,5,0
ISIC_0027617.jpg,5,5
ISIC_0031536.jpg,5,5
ISIC_0029292.jpg,5,5
ISIC_0034060.jpg,5,4
ISIC_0025535.jpg,5,5
ISIC_0028838.jpg,5,5
ISIC_0028338.jpg,5,2
ISIC_0030524.jpg,5,5
ISIC_0031085.jpg,5,2
ISIC_0028275.jpg,5,5
ISIC_0026681.jpg,5,5
ISIC_0030567.jpg,5,5
ISIC_0030229.jpg,5,1
ISIC_0034091.jpg,5,4
ISIC_0031835.jpg,5,5
ISIC_0029650.jpg,5,5
ISIC_0028888.jpg,5,5
ISIC_0024658.jpg,5,2
ISIC_0028586.jpg,5,2
ISIC_0027318.jpg,5,5
ISIC_0030008.jpg,5,5
ISIC_0033318.jpg,5,4
ISIC_0025385.jpg,5,5
ISIC_0031390.jpg,5,5
ISIC_0028401.jpg,5,5
ISIC_0028554.jpg,5,5
ISIC_0033202.jpg,5,5
ISIC_0029066.jpg,5,5
ISIC_0024638.jpg,5,5
ISIC_0028832.jpg,5,5
ISIC_0029401.jpg,5,0
ISIC_0030100.jpg,5,5
ISIC_0034301.jpg,5,2
ISIC_0031415.jpg,5,5
ISIC_0028324.jpg,5,5
ISIC_0025801.jpg,5,5
ISIC_0028032.jpg,5,1
ISIC_0033355.jpg,5,4
ISIC_0028327.jpg,5,5
ISIC_0029368.jpg,5,4
ISIC_0026386.jpg,5,5
ISIC_0031402.jpg,5,5
ISIC_0030547.jpg,5,5
ISIC_0031907.jpg,5,5
ISIC_0032937.jpg,5,2
ISIC_0031637.jpg,5,5
ISIC_0026821.jpg,5,5
ISIC_0033702.jpg,5,4
ISIC_0029430.jpg,5,2
ISIC_0030871.jpg,5,5
ISIC_0031994.jpg,5,5
ISIC_0025412.jpg,5,4
ISIC_0028371.jpg,5,4
ISIC_0031567.jpg,5,1
ISIC_0031508.jpg,5,5
ISIC_0024521.jpg,5,5
ISIC_0024791.jpg,5,3
ISIC_0032443.jpg,5,4
ISIC_0031665.jpg,5,5
ISIC_0032449.jpg,5,5
ISIC_0030968.jpg,5,3
ISIC_0026873.jpg,5,5
ISIC_0028182.jpg,5,5
ISIC_0031703.jpg,5,4
ISIC_0025785.jpg,5,4
ISIC_0032267.jpg,5,5
ISIC_0030421.jpg,5,5
ISIC_0025498.jpg,5,5
ISIC_0030786.jpg,5,2
ISIC_0031952.jpg,5,5
ISIC_0025841.jpg,5,5
ISIC_0025294.jpg,5,5
ISIC_0025338.jpg,5,5
ISIC_0032891.jpg,5,2
ISIC_0030354.jpg,5,4
ISIC_0026944.jpg,5,5
ISIC_0032615.jpg,5,4
ISIC_0033137.jpg,5,5
ISIC_0031524.jpg,5,4
ISIC_0026294.jpg,5,5
ISIC_0027830.jpg,5,5
ISIC_0024766.jpg,5,5
ISIC_0028249.jpg,5,5
ISIC_0027688.jpg,5,5
ISIC_0028424.jpg,5,4
ISIC_0026632.jpg,5,5
ISIC_0029470.jpg,5,4
ISIC_0030839.jpg,5,2
ISIC_0030884.jpg,5,5
ISIC_0025384.jpg,5,5
ISIC_0030066.jpg,5,4
ISIC_0032102.jpg,5,5
ISIC_0028452.jpg,5,5
ISIC_0026594.jpg,5,5
ISIC_0030638.jpg,5,5
ISIC_0024460.jpg,5,5
ISIC_0027462.jpg,5,5
ISIC_0028162.jpg,5,5
ISIC_0029237.jpg,5,5
ISIC_0028210.jpg,5,4
ISIC_0029117.jpg,5,5
ISIC_0033236.jpg,5,5
ISIC_0025403.jpg,5,5
ISIC_0031997.jpg,5,5
ISIC_0028365.jpg,5,5
ISIC_0031562.jpg,5,5
ISIC_0025305.jpg,5,4
ISIC_0025107.jpg,5,5
ISIC_0033585.jpg,5,5
ISIC_0033590.jpg,5,0
ISIC_0025080.jpg,5,5
ISIC_0027935.jpg,5,5
ISIC_0029907.jpg,5,5
ISIC_0031488.jpg,5,1
ISIC_0027997.jpg,5,1
ISIC_0029940.jpg,5,5
ISIC_0032795.jpg,5,2
ISIC_0027482.jpg,5,5
ISIC_0027070.jpg,5,5
ISIC_0026387.jpg,5,5
ISIC_0031411.jpg,5,4
ISIC_0032309.jpg,5,2
ISIC_0026822.jpg,5,5
ISIC_0027369.jpg,5,5
ISIC_0029327.jpg,5,5
ISIC_0032609.jpg,5,4
ISIC_0033958.jpg,5,5
ISIC_0031193.jpg,5,5
ISIC_0031484.jpg,5,5
ISIC_0026598.jpg,5,5
ISIC_0031229.jpg,5,5
ISIC_0029296.jpg,5,5
ISIC_0028504.jpg,5,5
ISIC_0031019.jpg,5,0
ISIC_0026987.jpg,5,5
ISIC_0026279.jpg,5,5
ISIC_0028841.jpg,5,5
ISIC_0031054.jpg,5,3
ISIC_0024395.jpg,5,5
ISIC_0024544.jpg,5,5
ISIC_0034021.jpg,5,5
ISIC_0025544.jpg,5,5
ISIC_0030864.jpg,5,5
ISIC_0026077.jpg,5,5
ISIC_0027304.jpg,5,5
ISIC_0031864.jpg,5,5
ISIC_0027342.jpg,5,5
ISIC_0028800.jpg,5,4
ISIC_0032094.jpg,5,5
ISIC_0030515.jpg,5,5
ISIC_0032769.jpg,5,4
ISIC_0028039.jpg,5,5
ISIC_0032062.jpg,5,5
ISIC_0027962.jpg,5,5
ISIC_0033822.jpg,5,5
ISIC_0026874.jpg,5,2
ISIC_0031388.jpg,5,5
ISIC_0026054.jpg,5,5
ISIC_0033342.jpg,5,1
ISIC_0031337.jpg,5,2
ISIC_0028447.jpg,5,5
ISIC_0034227.jpg,5,5
ISIC_0031627.jpg,5,5
ISIC_0029247.jpg,5,2
ISIC_0031304.jpg,5,0
ISIC_0027072.jpg,5,1
ISIC_0027553.jpg,5,5
ISIC_0024534.jpg,5,5
ISIC_0031956.jpg,5,5
ISIC_0034320.jpg,5,4
ISIC_0032251.jpg,5,1
ISIC_0028250.jpg,5,5
ISIC_0029200.jpg,5,5
ISIC_0025884.jpg,5,5
ISIC_0025435.jpg,5,5
ISIC_0028845.jpg,5,5
ISIC_0028531.jpg,5,5
ISIC_0026712.jpg,5,4
ISIC_0027952.jpg,5,5
ISIC_0033101.jpg,5,1
ISIC_0033013.jpg,5,4
ISIC_0033102.jpg,5,4
ISIC_0029508.jpg,5,5
ISIC_0026498.jpg,5,5
ISIC_0033921.jpg,5,4
ISIC_0031604.jpg,5,5
ISIC_0027259.jpg,5,5
ISIC_0031689.jpg,5,5
ISIC_0025138.jpg,5,5
ISIC_0034016.jpg,5,6
ISIC_0034268.jpg,5,4
ISIC_0032803.jpg,5,2
ISIC_0033207.jpg,5,5
ISIC_0024780.jpg,5,5
ISIC_0026939.jpg,5,5
ISIC_0025794.jpg,5,5
ISIC_0031863.jpg,5,4
ISIC_0030589.jpg,5,1
ISIC_0032091.jpg,5,5
ISIC_0025468.jpg,5,5
ISIC_0026795.jpg,5,5
ISIC_0032459.jpg,5,6
ISIC_0032333.jpg,5,4
ISIC_0028875.jpg,5,5
ISIC_0025910.jpg,5,5
ISIC_0027787.jpg,5,5
ISIC_0033435.jpg,5,5
ISIC_0029949.jpg,5,5
ISIC_0033404.jpg,5,4
ISIC_0032489.jpg,5,3
ISIC_0034146.jpg,5,5
ISIC_0031086.jpg,5,5
ISIC_0030185.jpg,5,5
ISIC_0028398.jpg,5,5
ISIC_0028827.jpg,5,5
ISIC_0033385.jpg,5,4
ISIC_0033740.jpg,5,2
ISIC_0033388.jpg,5,4
ISIC_0026985.jpg,5,5
ISIC_0031255.jpg,5,5
ISIC_0027547.jpg,5,5
ISIC_0027632.jpg,5,5
ISIC_0027661.jpg,5,5
ISIC_0028887.jpg,5,5
ISIC_0032155.jpg,5,5
ISIC_0025293.jpg,5,5
ISIC_0027657.jpg,5,5
ISIC_0029330.jpg,5,5
ISIC_0033906.jpg,5,5
ISIC_0026751.jpg,5,4
ISIC_0030091.jpg,5,1
ISIC_0028450.jpg,5,4
ISIC_0025806.jpg,5,5
ISIC_0032463.jpg,2,2
ISIC_0029291.jpg,2,2
ISIC_0033744.jpg,2,1
ISIC_0031138.jpg,2,2
ISIC_0029139.jpg,2,2
ISIC_0025799.jpg,2,2
ISIC_0027710.jpg,2,5
ISIC_0027023.jpg,2,2
ISIC_0028503.jpg,2,2
ISIC_0031707.jpg,2,4
ISIC_0030630.jpg,2,4
ISIC_0028308.jpg,2,1
ISIC_0028294.jpg,2,2
ISIC_0032694.jpg,2,2
ISIC_0030998.jpg,2,2
ISIC_0031819.jpg,2,2
ISIC_0027142.jpg,2,2
ISIC_0031078.jpg,2,2
ISIC_0031593.jpg,2,3
ISIC_0030377.jpg,2,4
ISIC_0026444.jpg,2,2
ISIC_0028497.jpg,2,2
ISIC_0032024.jpg,2,1
ISIC_0028094.jpg,2,1
ISIC_0032113.jpg,2,1
ISIC_0024871.jpg,2,2
ISIC_0024676.jpg,2,0
ISIC_0031619.jpg,2,2
ISIC_0033701.jpg,2,2
ISIC_0029260.jpg,2,4
ISIC_0026416.jpg,2,2
ISIC_0031326.jpg,2,1
ISIC_0029235.jpg,2,2
ISIC_0032249.jpg,2,1
ISIC_0034057.jpg,2,4
ISIC_0030272.jpg,2,5
ISIC_0033592.jpg,2,4
ISIC_0033391.jpg,2,2
ISIC_0024832.jpg,2,5
ISIC_0032883.jpg,2,4
ISIC_0028411.jpg,2,4
ISIC_0024782.jpg,2,4
ISIC_0025339.jpg,2,2
ISIC_0029029.jpg,2,2
ISIC_0027781.jpg,2,1
ISIC_0024760.jpg,2,2
ISIC_0031485.jpg,2,5
ISIC_0031017.jpg,2,3
ISIC_0034259.jpg,2,4
ISIC_0032417.jpg,2,2
ISIC_0030649.jpg,2,1
ISIC_0027967.jpg,2,0
ISIC_0027916.jpg,2,4
ISIC_0029394.jpg,2,4
ISIC_0033685.jpg,2,2
ISIC_0029947.jpg,2,2
ISIC_0029070.jpg,2,0
ISIC_0028943.jpg,2,1
ISIC_0034003.jpg,2,4
ISIC_0030768.jpg,2,5
ISIC_0026912.jpg,2,2
ISIC_0026311.jpg,2,2
ISIC_0033321.jpg,2,4
ISIC_0026245.jpg,2,2
ISIC_0028200.jpg,2,1
ISIC_0033770.jpg,2,2
ISIC_0025392.jpg,2,5
ISIC_0031376.jpg,2,2
ISIC_0032756.jpg,2,2
ISIC_0031468.jpg,2,2
ISIC_0033465.jpg,2,0
ISIC_0033646.jpg,2,2
ISIC_0029249.jpg,2,2
ISIC_0029227.jpg,2,5
ISIC_0027815.jpg,2,5
ISIC_0030123.jpg,2,5
ISIC_0034167.jpg,2,4
ISIC_0025915.jpg,2,1
ISIC_0033531.jpg,2,1
ISIC_0025830.jpg,2,4
ISIC_0032179.jpg,2,4
ISIC_0029147.jpg,2,2
ISIC_0030323.jpg,2,2
ISIC_0030801.jpg,2,1
ISIC_0027041.jpg,2,2
ISIC_0031024.jpg,2,2
ISIC_0029627.jpg,2,2
ISIC_0031591.jpg,2,2
ISIC_0029802.jpg,2,0
ISIC_0025982.jpg,2,2
ISIC_0024696.jpg,2,2
ISIC_0031519.jpg,2,2
ISIC_0026446.jpg,2,5
ISIC_0026614.jpg,2,2
ISIC_0029880.jpg,2,4
ISIC_0024336.jpg,2,2
ISIC_0025064.jpg,2,4
ISIC_0034113.jpg,2,2
ISIC_0029585.jpg,2,1
ISIC_0027239.jpg,2,1
ISIC_0034315.jpg,2,4
ISIC_0034126.jpg,2,2
ISIC_0026871.jpg,2,0
ISIC_0024814.jpg,2,4
ISIC_0032168.jpg,2,2
ISIC_0031702.jpg,2,1
ISIC_0029559.jpg,2,5
ISIC_0031261.jpg,2,2
ISIC_0032740.jpg,2,2
ISIC_0028958.jpg,2,2
ISIC_0029311.jpg,2,2
ISIC_0027652.jpg,2,2
ISIC_0028386.jpg,2,2
ISIC_0026511.jpg,2,2
ISIC_0025883.jpg,2,2
ISIC_0026717.jpg,2,4
ISIC_0025985.jpg,2,1
ISIC_0027279.jpg,2,4
ISIC_0029308.jpg,2,2
ISIC_0027454.jpg,2,2
ISIC_0032898.jpg,2,4
ISIC_0026070.jpg,2,1
ISIC_0033949.jpg,2,4
ISIC_0033736.jpg,2,4
ISIC_0032567.jpg,2,2
ISIC_0025113.jpg,2,2
ISIC_0033785.jpg,2,2
ISIC_0028124.jpg,2,2
ISIC_0032877.jpg,2,2
ISIC_0031125.jpg,2,2
ISIC_0024982.jpg,2,0
ISIC_0034070.jpg,2,2
ISIC_0026941.jpg,2,5
ISIC_0029012.jpg,2,4
ISIC_0026661.jpg,2,2
ISIC_0026714.jpg,2,2
ISIC_0026893.jpg,2,2
ISIC_0029924.jpg,2,2
ISIC_0033437.jpg,2,4
ISIC_0030698.jpg,2,2
ISIC_0031812.jpg,2,1
ISIC_0027287.jpg,2,2
ISIC_0025032.jpg,2,2
ISIC_0032063.jpg,2,2
ISIC_0028496.jpg,2,2
ISIC_0026737.jpg,2,1
ISIC_0026493.jpg,2,2
ISIC_0026044.jpg,2,2
ISIC_0025275.jpg,2,5
ISIC_0027370.jpg,2,2
ISIC_0026955.jpg,2,0
ISIC_0030172.jpg,2,2
ISIC_0031639.jpg,2,2
ISIC_0025623.jpg,2,2
ISIC_0031212.jpg,2,4
ISIC_0029161.jpg,2,4
ISIC_0028792.jpg,2,1
ISIC_0033201.jpg,2,2
ISIC_0030130.jpg,2,2
ISIC_0026422.jpg,2,1
ISIC_0030372.jpg,2,1
ISIC_0028920.jpg,2,2
ISIC_0033693.jpg,2,1
ISIC_0029778.jpg,2,2
ISIC_0024324.jpg,2,2
ISIC_0024602.jpg,2,2
ISIC_0033659.jpg,2,1
ISIC_0032230.jpg,2,1
ISIC_0032757.jpg,2,4
ISIC_0032280.jpg,2,2
ISIC_0031287.jpg,2,2
ISIC_0026273.jpg,2,1
ISIC_0032343.jpg,2,4
ISIC_0029525.jpg,2,0
ISIC_0028707.jpg,2,1
ISIC_0027969.jpg,2,2
ISIC_0028702.jpg,2,2
ISIC_0028750.jpg,2,4
ISIC_0026769.jpg,2,0
ISIC_0025939.jpg,2,2
ISIC_0034186.jpg,2,4
ISIC_0031424.jpg,2,2
ISIC_0031016.jpg,2,2
ISIC_0024338.jpg,2,1
ISIC_0032997.jpg,2,4
ISIC_0028925.jpg,2,2
ISIC_0029100.jpg,2,4
ISIC_0033260.jpg,2,5
ISIC_0027335.jpg,2,2
ISIC_0032655.jpg,2,2
ISIC_0029232.jpg,2,2
ISIC_0024947.jpg,2,1
ISIC_0030758.jpg,2,2
ISIC_0026301.jpg,2,4
ISIC_0025466.jpg,2,2
ISIC_0032978.jpg,2,4
ISIC_0033466.jpg,2,5
ISIC_0031289.jpg,2,2
ISIC_0025656.jpg,2,2
ISIC_0027037.jpg,2,3
ISIC_0029396.jpg,2,5
ISIC_0031196.jpg,2,2
ISIC_0024498.jpg,2,2
ISIC_0025389.jpg,2,2
ISIC_0029810.jpg,2,1
ISIC_0026644.jpg,2,1
ISIC_0030081.jpg,2,2
ISIC_0026316.jpg,2,4
ISIC_0028650.jpg,2,3
ISIC_0026107.jpg,2,4
ISIC_0026104.jpg,2,3
ISIC_0033908.jpg,2,2
ISIC_0029849.jpg,2,2
ISIC_0033676.jpg,2,2
ISIC_0028593.jpg,2,0
ISIC_0028646.jpg,2,5
ISIC_0028020.jpg,2,2
ISIC_0030459.jpg,2,1
ISIC_0032972.jpg,2,6
ISIC_0069932.jpg,0,0
ISIC_0057072.jpg,0,0
ISIC_0054359.jpg,0,0
ISIC_0061687.jpg,0,0
ISIC_0028063.jpg,0,0
ISIC_0069283.jpg,0,0
ISIC_0066509.jpg,0,0
ISIC_0070056.jpg,0,0
ISIC_0056905.jpg,0,0
ISIC_0066858.jpg,0,0
ISIC_0072754.jpg,0,0
ISIC_0027172.jpg,0,0
ISIC_0064553.jpg,0,0
ISIC_0064524.jpg,0,0
ISIC_0026984.jpg,0,0
ISIC_0066563.jpg,0,0
ISIC_0027829.jpg,0,1
ISIC_0065118.jpg,0,0
ISIC_0070981.jpg,0,0
ISIC_0062878.jpg,0,0
ISIC_0053597.jpg,0,0
ISIC_0030586.jpg,0,2
ISIC_0060636.jpg,0,0
ISIC_0069195.jpg,0,0
ISIC_0028558.jpg,0,1
ISIC_0056101.jpg,0,0
ISIC_0056002.jpg,0,0
ISIC_0062272.jpg,0,0
ISIC_0058623.jpg,0,0
ISIC_0069352.jpg,0,0
ISIC_0071535.jpg,0,0
ISIC_0053879.jpg,0,0
ISIC_0056343.jpg,0,4
ISIC_0061121.jpg,0,0
ISIC_0026468.jpg,0,1
ISIC_0059087.jpg,0,0
ISIC_0069629.jpg,0,0
ISIC_0064231.jpg,0,0
ISIC_0030491.jpg,0,0
ISIC_0065811.jpg,0,0
ISIC_0057616.jpg,0,0
ISIC_0033151.jpg,0,4
ISIC_0056898.jpg,0,0
ISIC_0065724.jpg,0,0
ISIC_0059588.jpg,0,0
ISIC_0066892.jpg,0,0
ISIC_0071062.jpg,0,0
ISIC_0072089.jpg,0,0
ISIC_0061499.jpg,0,0
ISIC_0063956.jpg,0,0
ISIC_0071015.jpg,0,0
ISIC_0031430.jpg,0,2
ISIC_0063210.jpg,0,1
ISIC_0068232.jpg,0,0
ISIC_0071830.jpg,0,0
ISIC_0027650.jpg,0,0
ISIC_0068843.jpg,0,1
ISIC_0060404.jpg,0,1
ISIC_0061691.jpg,0,0
ISIC_0055374.jpg,0,0
ISIC_0069931.jpg,0,0
ISIC_0056437.jpg,0,0
ISIC_0025803.jpg,0,0
ISIC_0060729.jpg,0,0
ISIC_0030655.jpg,0,0
ISIC_0057547.jpg,0,0
ISIC_0069939.jpg,0,0
ISIC_0028990.jpg,0,1
ISIC_0066895.jpg,0,0
ISIC_0028941.jpg,0,0
ISIC_0070164.jpg,0,0
ISIC_0053478.jpg,0,0
ISIC_0025953.jpg,0,0
ISIC_0068626.jpg,0,0
ISIC_0065938.jpg,0,2
ISIC_0055099.jpg,0,0
ISIC_0063442.jpg,0,0
ISIC_0072180.jpg,0,0
ISIC_0056920.jpg,0,0
ISIC_0058640.jpg,0,3
ISIC_0070507.jpg,0,0
ISIC_0060926.jpg,0,0
ISIC_0072152.jpg,0,0
ISIC_0064951.jpg,0,0
ISIC_0069759.jpg,0,0
ISIC_0033413.jpg,0,0
ISIC_0056582.jpg,0,0
ISIC_0065304.jpg,0,0
ISIC_0069942.jpg,0,0
ISIC_0063250.jpg,0,0
ISIC_0067759.jpg,0,0
ISIC_0066595.jpg,0,0
ISIC_0055260.jpg,0,0
ISIC_0064211.jpg,0,0
ISIC_0070993.jpg,0,0
ISIC_0062305.jpg,0,0
ISIC_0061774.jpg,0,0
ISIC_0053657.jpg,0,0
ISIC_0025605.jpg,0,1
ISIC_0070256.jpg,0,0
ISIC_0070691.jpg,0,0
ISIC_0070643.jpg,0,0
ISIC_0068648.jpg,0,2
ISIC_0025780.jpg,0,4
ISIC_0059014.jpg,0,0
ISIC_0063361.jpg,0,3
ISIC_0072265.jpg,0,3
ISIC_0053563.jpg,0,0
ISIC_0062043.jpg,0,0
ISIC_0060509.jpg,0,1
ISIC_0054908.jpg,0,0
ISIC_0065584.jpg,0,0
ISIC_0062245.jpg,0,0
ISIC_0071524.jpg,0,0
ISIC_0063293.jpg,0,0
ISIC_0056115.jpg,0,0
ISIC_0069789.jpg,0,0
ISIC_0065960.jpg,0,0
ISIC_0029781.jpg,0,0
ISIC_0064587.jpg,0,0
ISIC_0033456.jpg,0,4
ISIC_0057145.jpg,0,0
ISIC_0058902.jpg,0,1
ISIC_0065276.jpg,0,0
ISIC_0063927.jpg,0,3
ISIC_0070545.jpg,0,0
ISIC_0064151.jpg,0,0
ISIC_0056662.jpg,0,0
ISIC_0054118.jpg,0,0
ISIC_0067799.jpg,0,0
ISIC_0061836.jpg,0,6
ISIC_0056005.jpg,0,0
ISIC_0053538.jpg,0,0
ISIC_0055159.jpg,0,0
ISIC_0056052.jpg,0,0
ISIC_0062238.jpg,0,0
ISIC_0060989.jpg,0,4
ISIC_0058988.jpg,0,0
ISIC_0057517.jpg,0,0
ISIC_0058940.jpg,0,0
ISIC_0067218.jpg,0,0
ISIC_0059397.jpg,0,0
ISIC_0065416.jpg,0,0
ISIC_0069532.jpg,0,0
ISIC_0058443.jpg,0,0
ISIC_0024771.jpg,0,0
ISIC_0067519.jpg,0,2
ISIC_0070305.jpg,0,0
ISIC_0069863.jpg,0,0
ISIC_0065552.jpg,0,0
ISIC_0065547.jpg,0,0
ISIC_0060055.jpg,0,0
ISIC_0072992.jpg,0,0
ISIC_0063037.jpg,0,6
ISIC_0066180.jpg,0,0
ISIC_0069898.jpg,0,0
ISIC_0071671.jpg,0,0
ISIC_0060467.jpg,0,2
ISIC_0069802.jpg,0,0
ISIC_0027950.jpg,0,0
ISIC_0060706.jpg,0,0
ISIC_0056419.jpg,0,0
ISIC_0062766.jpg,0,0
ISIC_0057458.jpg,0,0
ISIC_0028059.jpg,1,1
ISIC_0031986.jpg,1,0
ISIC_0032318.jpg,1,2
ISIC_0031943.jpg,1,6
ISIC_0031721.jpg,1,1
ISIC_0026766.jpg,1,2
ISIC_0027371.jpg,1,1
ISIC_0025617.jpg,1,1
ISIC_0029341.jpg,1,2
ISIC_0028197.jpg,1,1
ISIC_0034066.jpg,1,4
ISIC_0026275.jpg,1,2
ISIC_0027819.jpg,1,6
ISIC_0027786.jpg,1,2
ISIC_0024515.jpg,1,4
ISIC_0029564.jpg,1,1
ISIC_0027473.jpg,1,1
ISIC_0025793.jpg,1,2
ISIC_0031062.jpg,1,1
ISIC_0028570.jpg,1,1
ISIC_0024331.jpg,1,1
ISIC_0032022.jpg,1,1
ISIC_0032959.jpg,1,1
ISIC_0024472.jpg,1,1
ISIC_0030800.jpg,1,1
ISIC_0029263.jpg,1,1
ISIC_0031585.jpg,1,0
ISIC_0029082.jpg,1,1
ISIC_0029655.jpg,1,1
ISIC_0024436.jpg,1,5
ISIC_0026902.jpg,1,3
ISIC_0027297.jpg,1,1
ISIC_0031140.jpg,1,1
ISIC_0029230.jpg,1,1
ISIC_0028687.jpg,1,1
ISIC_0026337.jpg,1,1
ISIC_0028677.jpg,1,1
ISIC_0032696.jpg,1,1
ISIC_0026117.jpg,1,1
ISIC_0028316.jpg,1,1
ISIC_0031378.jpg,1,1
ISIC_0028303.jpg,1,1
ISIC_0028079.jpg,1,4
ISIC_0034160.jpg,1,1
ISIC_0028973.jpg,1,1
ISIC_0025576.jpg,1,1
ISIC_0024590.jpg,1,1
ISIC_0029331.jpg,1,1
ISIC_0028168.jpg,1,1
ISIC_0030746.jpg,1,1
ISIC_0030114.jpg,1,2
ISIC_0033019.jpg,1,1
ISIC_0025584.jpg,1,1
ISIC_0031384.jpg,1,1
ISIC_0029020.jpg,1,1
ISIC_0028765.jpg,1,1
ISIC_0033054.jpg,1,1
ISIC_0034155.jpg,1,1
ISIC_0029680.jpg,1,1
ISIC_0029323.jpg,1,1
ISIC_0032727.jpg,1,0
ISIC_0028329.jpg,1,1
ISIC_0025530.jpg,1,1
ISIC_0031318.jpg,1,1
ISIC_0029192.jpg,1,1
ISIC_0028739.jpg,1,1
ISIC_0031171.jpg,1,1
ISIC_0024403.jpg,1,1
ISIC_0025383.jpg,1,3
ISIC_0033354.jpg,1,1
ISIC_0033609.jpg,1,1
ISIC_0031643.jpg,1,1
ISIC_0034047.jpg,1,6
ISIC_0028419.jpg,1,1
ISIC_0031007.jpg,1,1
ISIC_0025824.jpg,1,1
ISIC_0030737.jpg,1,1
ISIC_0024582.jpg,1,1
ISIC_0034015.jpg,1,1
ISIC_0029035.jpg,1,2
ISIC_0027057.jpg,1,1
ISIC_0028728.jpg,1,1
ISIC_0031697.jpg,1,1
ISIC_0028556.jpg,1,1
ISIC_0033979.jpg,1,1
ISIC_0030511.jpg,1,1
ISIC_0028113.jpg,1,1
ISIC_0027629.jpg,1,1
ISIC_0031640.jpg,1,4
ISIC_0030335.jpg,1,2
ISIC_0032174.jpg,1,1
ISIC_0029466.jpg,1,1
ISIC_0031569.jpg,1,1
ISIC_0028693.jpg,1,1
ISIC_0027135.jpg,1,0
ISIC_0030659.jpg,1,1
ISIC_0024564.jpg,1,1
ISIC_0025940.jpg,1,1
ISIC_0032741.jpg,1,1
ISIC_0031245.jpg,1,0
ISIC_0033205.jpg,1,1
ISIC_0029856.jpg,1,1
ISIC_0024787.jpg,1,1
